c152,c151,c78,c77,c1,"<ul><li>Material:Cotton Blend</li><li>Season:Autumn,Spring,Summer,Winter</li><li>Occasion: Casual, Daily, Party, Streewear, Sport, Gym, Office, Work, Photographs.</li><li>It is easy to match other clothes</li><li>Fit:Relaxed</li></ul>",,,,,,,
c152,c150,c79,c76,c2,"<ul><li>Supper Soft & Lightweight: made of High-Elastic EVA, lightweight and flexible, give your feet ultimate comfort</li><li>Non-Slip: durable anti slip EVA outsole give your feet a good grip with no slippage and good balance</li><li>Portable and Easy clean, perfect for shower shoes</li><li>Widely Occasion: Perfect for all season, Bathroom, Indoor bedroom, Living room, Spa, Gym, Swimming pool, Beach, Holiday, Leisure, public showers, steam rooms, dorms, camps, pools, locker rooms, anywhere.</li></ul>",,,,,,,
c152,c150,c79,c75,c3,"<p>Call up the ladies and/or your babysitters because its Ladies Night Out. Enjoy a night out on the town with our adorable thigh high boots.<br> Be prepared to be the center of attention with these stunning Over-The-Knee boots.<br> Each pair of boot is engraved with the words ""Glamorous, Sexy, Beautiful, Elegant"".<br> The message is a true representation of some of the characteristic and encouragements for the ladies out there.<br> <br> These boots are finished with a comfortable elastic gusset on the back for easy comfort putting and taking off these boots.<br> The Fashion-Hi by DailyShoes product line is available in over 20 different colors (built in man-made suede and man-made patent leather material).<br> Absolutely no animals were harmed.<br> <br> <strong>Exciting Things You Should Know:</strong></p><ul> <li>This styles RUNS AS EXPECTED, feel free to order the size you normally wear (Based on Customers Review)</li> <li>Shaft measures APPROX. 22&quot; INCH from the archBoot measures APPROX. 22&quot; INCH tall</li> <li> Platform measures APPROX. 0.1&quot; inch</li> <li> Open Circumferences are APPROX. 16.5&quot;</li> <li> Round toe front, slouchy shaft design, over-the-knee look, </li> <li> Man-made material, ABSOLUTELY no animals were harmed.</li> <li> Elastic gusset on the back for better fitting and easy to pull on.</li> <li> For extra comfort, cushioned insole along wtih smooth interior lining</li> <li> These boots doesn't come with any closure, so slip those feets in and start your day!</li> <li> We won't blame you if you want to come back for another few pairs in different colors, lots of customers do.. </li></ul>",,,,,,,
c152,c150,c79,c75,c4,DailyShoes Women's Casual Sandals Flat Slide Open Toe Slipper Buckles Strap Band Single Ankle Buckle Mid Summer Fashion Fresh Shoes Daily Strappy,,,,,,,
c152,c149,c80,c74,c5,"<ul><li>【NATURAL CLOTHS】- natural, medical/food grade. More breathable, softer. The burp cloth sets elegantly avoid the annoyance from ordinary cloths burp clothes. The item also QUICK DRY.</li><li>【GIFTS FROM NATURAL】- hypoallergenic designed and do not pose any risk of itching, irritation or annoyance to the sensitive skin of your baby.</li><li>【SUITABLE FOR ALL BABIES】- the ideal size for adequately absorbing the mess slurped up by infant kids thereby preserving their clothes in a clean state all-day long. No more burping and spitting all over the baby’s clothes and mom’s dress. Achieve cleaner clothes and spaces with our bibs. Moms too are given less work doing the laundry.</li><li>【UNIVERSALLY VERSATILE】- Great for catching and trapping drool from teething, food, spit up and more. They also make great multi-purpose for baby washcloths, rags or face towels to clean up little messes. Keep some in the stroller/diaper bags. Perfect burp cloths, burp rags, baby bibs, baby washcloths and towels, baby spit up rags, Burping rags for newborns…</li><li>【EXCELLENT SHOWER GIFT】- a masterpiece of excellent design and sublime comfort for babies, and reduced cleanup efforts for moms. Ideal gift idea for nursing and expectant parents during baby showers and gender reveal parties.</li></ul>",,,,,,,
c152,c149,c90,c73,c6,"<ul><li>Shoe upper material:PU. Fabric, Sole Material: PVC</li><li>Suitable for baby from 0-18 months old</li><li>Lovely and charming design available, keep your baby's feet soft and breathable, make your baby look more attractive</li><li>Unique and lovely closed toe design, which provides more protection for kids' little feet.</li><li>Anti-slip design keeps baby in safe. Classic casual style suits any occasion, home, outdoor.</li><li>Please Refer to the Size Chart in product description before purchase</li></ul>",,,,,,,
c152,c148,c100,c72,c7,"<ul><li>Fresh & Light with Mid-High Compression. Sweat those extra inches off! fat burner shapewear is the perfect ally to help you lose those pesky love handles and flabby midsection.  The abdominal panel on this fat burner bodysuit is made from latex, which shapes your tummy and waist, and encourages perspiration to help you shed the inches quicker. It is also lined with cotton to absorb the perspiration, so you can stay fresh and comfortable all day long. The top is braless so you are free to wear y</li><li>Body Shaper - Light - Short - Full - Light Compression - Braless - fat burner Butt Lift. Supports waist, abdomen and back , Shapes hips, thighs and legs , Latex panel activates body heat  , Cotton lined for your comfort , Adjustable straps  , Invisible under clothes  , Lifts breasts and buttocks  , Open gusset for your convenience</li><li>Shapewear Breast Enhance - Butt Lift - Support Of Breast Enhance ,Waist, Abdomen, Thighs, And Abdomen. REF 8085: 66% POLYAMIDE, 19% NATURAL LATEX, 8% COTTON, 7% ELASTANE .</li><li>Faja Light Shaper - fat burner - Short. Sweat those extra inches off! fat burner shapewear is the perfect ally to help you lose those pesky love handles and flabby midsection. The abdominal panel on this fat burner bodysuit is made from latex, which shapes your tummy and waist, and encourages perspiration to help you shed the inches quicker. It is also lined with cotton to absorb the perspiration, so you can stay fresh and comfortable all day long. The top is braless so you are free to wear you</li><li>Faja Colombiana - Made in Colombia - Premium Colombian Shapewear</li></ul>",,,,,,,
c152,c147,c101,c71,c8,"<ul><li>Material: Made of high quality cashmere-like cloth. Soft and close to skin that won't itch or scratch. Lightweight, warm and comfortable to wear.</li><li>Size: 180cm x 70cm/71 x 27.6L*W. Wearing this scarf for all your keep warm winter needs. Not only as a scarf, but also as a shawl, as well as a blanket.</li><li>Design: Stylish mosaic toned scarf, is a great fall companion for your autumn and winter wardrobe. Perfect to match with all kinds of your daily outfits.</li><li>Great Gift: Chic style and delicate texture. Its an ideal gift for your family, friends and yourself when the Thanksgiving Day, Christmas, New Year is coming.</li><li>Occasion: Perfect for daily wear, home, school, theater, camera, street, party, family gathering, travel, hiking, climbing, work, dating, and other occasions.</li></ul>",,,,,,,
c152,c146,c102,c70,c9,<ul><li>14K Yellow Gold</li><li>Polish: Finished</li><li>Product Type: Chain Necklaces</li><li>Chain Type: Box</li><li>Exceptional Direct Manufacturing Prices.</li><li>1 Business Day shipping using USPS First class Service.</li><li>Free Gift Box Included.</li></ul>,,,,,,,
c152,c145,c103,c69,c10,"<ul><li>Due to transportation, if the products received with wrinkle, do not worry, this will disappear after washing, if still, it is recommended by ironing.</li><li>Due to fabric sensitivity, display settings and others, the actual color of the item might be slightly different from the color showed on pictures.</li><li>Due to the difference between cutting and production batches, printing may be displaced. Please read it carefully before you buy.</li><li>Fashion Women Summer Jumpsuit Female Rompers Shorts Casual Loose Short Sleeve O-Neck Playsuits Pockets Overalls</li><li>The size data is measured by tiled, please allow 1-3cm measuring deviation due to manual measurement.</li></ul>",,,,,,,
c152,c145,c103,c68,c11,<ul><li>Ladies Sizes: S-3XL</li><li>Polos/Knits Performance</li></ul>,,,,,,,
c152,c145,c104,c67,c12,"<ul><li>Plus Size Tops for Women, Solid Color, Short Sleeve, Back Pleated V Neck Tunics, Flare Style Summer Tops, Buttons Decor Womens Plus Tops, Hit at Hip</li><li>Women's Plus Tops & Tees Pleated on the Back and Swing Hemline for a Stylish Design, Hide the Belly</li><li>Womens Tops Great Wear with Leggings, Jeans, Boots, Shorts or Kinds of Pants</li><li>Occasion: Dating, Party, Evening, Travel, Office, Vocation, Maternity Shirt</li></ul>",,,,,,,
c152,c145,c105,c66,c13,<ul><li>Womens Fit & Flare Dress</li><li>Floral</li><li>A-Line Daytime</li></ul>,,,,,,,
c152,c145,c105,c66,c13,"<ul><li>Dresses Length:Ankle<br />Pattern Type:Plain<br />Sleeve Type:Sleeveless<br />Silhouette:A-line<br /></li><li>Elasticity:Non-stretchy<br />Thickness:Mid-weight<br /></li><li>Material:Cotton-blend<br />Neckline:Spaghetti<br />Occasion:Beach,Holiday,Daily,Casual<br />Style:Casual<br />Theme:Summer<br />Age:18~24,25~34,35~44,45~54,55~64,65+<br />Tag:New Plain Color,Basic Plain<br />Color:White<br /></li></ul>",,,,,,,
c152,c145,c105,c65,c14,"<ul><li>Material:Polyester</li><li>Season:Spring,Fall</li><li>Type:Long Sleeve Tops,Blouse,Tops</li><li>Performance/Activity: Casual</li><li>Great With Leggings, Tight Boots, Jeans, And Tight Leggings To Create A Stylish Look For Spring, Fall, And Winter.</li><li>Application: Suitable For Leisure, Travel, Home, Date, Party, Work, Shopping. All Seasons, Especially Autumn And Winter.</li><li>It Is Made Of High Quality Materials,Durable Enought For Your Daily Wearing</li><li>The Soft And Light Fabric Allows The Skin To Breathe Freely And Provides A Gentle Touch.</li></ul>",,,,,,,
c152,c145,c105,c65,c15,<ul><li>SFNEEWHO Tie Dye Unisex T-Shirts Its A Taurus Thing Zodiac Signs Taurus Astrology T Shirt</li><li>100% ring-spun cotton</li><li>USA and Imported</li></ul>,,,,,,,
c152,c145,c105,c65,c15,<ul><li>Color:Multicolor</li><li>Pattern Type:Striped</li><li>Length:Long</li><li>Season:Summer</li><li>Type:Top</li><li>Details:Twist</li><li>Sleeve Type:Batwing Sleeve</li><li>Thank you for your patronage and wish you a happy shopping!!!</li></ul>,,,,,,,
c152,c145,c105,c65,c15,<ul><li>SFNEEWHO Tie Dye Unisex T-Shirts Dibs On The Cowboy Shirt Country Shirt Southern T Shirt</li><li>100% ring-spun cotton</li><li>USA and Imported</li></ul>,,,,,,,
c152,c145,c105,c65,c15,<ul><li>Color:Yellow</li><li>Pattern Type:Floral</li><li>Length:Regular</li><li>Season:Summer</li><li>Type:Top</li><li>Details:Button</li><li>Fit Type:Regular Fit</li><li>Thank you for your patronage and wish you a happy shopping!!!</li></ul>,,,,,,,
c153,c144,c106,c64,c16,"<ul><li>Material: Made from ceramic material, durable and hard to break.</li><li>Cylindrical Shaped: Cylindrical appearance, looks good and convenient.</li><li>Free Standing: Free stand, suitable for home, desktop, office and salon.</li><li>Save Space: Space saving, large capacity, makes your makeup brushes more organized.</li><li>Multi Types: A, B, C, D, E, F, G, H, 8 types of your choice. Printed design, looks luxury.</li></ul>",,,,,,,
c153,c144,c107,c63,c17,"<ul><li>Material: Made of food-grade PP material which is odorless, harmless  and good performances at high temperature.</li><li>Detachable: Can be used for toothbrush and toothpaste storage at home or traveling or camping.  What's more, it can hold two regular toothbrushes and a tube of small sized toothpaste,  and it also c</li><li>Travel: The unique design makes the toothbrush storage containers perfect for  outdoor travel, camping, family, school, business trip and also for gifts.</li><li>Lightweight: The size of this cute travel toothbrush holder is 20x8cm/7.87x3.15inch(l*w)  and it's so lightweight that you can carry it everywhere.</li><li>Sealed: Good sealing property helps protect your toothbrush from</li></ul>",,,,,,,
c153,c144,c107,c63,c17,"<ul><li>With PP, sucker PVC material toothbrush rack, with lightweight, tough and durable, can be used for a long time</li><li>Relative large capacity toothbrush holder, can hold toothbrush, toothpaste, cosmetics, fits for home bathroom use</li><li>Cartoon large eye frog design toothbrush rack, showing more lovely, attractive and fashionable than common toothbrush holder</li><li>Multi function toothbrush rack, it can not only hold toothbrush, but also hold other daily items, such as chopsticks, spoon, fork, etc</li><li>Wall sucker toothbrush rack, easy to install and use, fits for install on bathroom wall, kitchen refrigerator, bedroom wall, etc</li></ul>",,,,,,,
c153,c144,c108,c62,c18,"<ul><li>Helps relieve and prevent back pain and fatigue while promoting greater comfort in seated posture.</li><li>Designed ergonomically to match the proper shape of the entire spine, thereby giving the best possible support to the spine in its natural position.</li><li>Aids in the prevention of whiplash by providing support to the head and neck. Does not obstruct rear view when driving.</li><li>Shoulder blades and arms are free for unrestricted movement,Unique but simple fastening system allows easy fastening to any</li></ul>",,,,,,,
c153,c143,c109,c61,c19,Sofa Protective Tape Scratch Resistant Protective Film Pet Cat Training Tape,,,,,,,
c153,c143,c109,c61,c19,"<ul><li>1. Made of the soft and comfortable material, it is skin-friendly and safe for your pets.</li><li>2. With the exquisite craft, it is durable and easy to maintain.</li><li>3. It is foldable, which is easy to store without wasting space.</li><li>4. To keep the pet comfortable and make them have a high-quality sleep.</li><li>5. There are 2 sizes for choosing.</li></ul>",,,,,,,
c153,c143,c109,c61,c19,<ul><li>Pet Dog Cat Long Plush Dounts Bed</li><li>Soft Fluffy Calming Bed</li><li>Pet Bed</li></ul>,,,,,,,
c153,c143,c110,c60,c20,"<ul><li><p>-- Cotton fabric, inner mesh layer design, comfortable and convenient.</p></li><li><p>-- Simple color design pants, breathable, long lasting.</p></li><li><p>-- Magic sticker design, can adjust waistline size, easy to wear and take off.</p></li><li><p>-- Perfect choice for keep your dog health.</p></li></ul>",,,,,,,
c153,c143,c110,c60,c20,"<ul><li>Material: Made of safe polyester, healthy and soft, protect your pet from hot sunshine. Machine wash and dry available.</li><li>Easy wearing: The closure is very easy and convenient to let your puppy put on and off.</li><li>Design: Fashionable Hawaiian printing, which looks cool and pretty. Just like you and your pet are having vacation in Hawaii beach.</li><li>Size: Please carefully measure your pet's size, then choose suitable shirt.</li><li>Inside: One package includes one Hawaiian T-shirt. Perfect for samll to medium dogs, cats or other small animals.</li></ul>",,,,,,,
c153,c143,c110,c60,c21,"<ul><li>Natural Rubber Material: Our dog treat toy is made of natural rubber material which is nontoxic,durable and bite-resistant.</li><li>Healthy Slow Feeding: Three holes design provides more fun and healthy for your dog.Fill it with your dog's favorite treats,as your dog plays and rolls the ball,treats will fall out to reward them for being active.</li><li>Dog Puzzle Toys: Dog treat toy attract dog's attention, train your puppy with the dog feeder toy to increase their IQ to learn by pairing treats with playtime. Instead of the boring dog rubber toys and chew sticks.</li><li>Enhance Emotional Interaction:Play this ball with your puppy can enhances interaction,it will increase emotion between the dog and owner. Reduce their anxiety, boredom and destructive behavior while exercise to keep your puppy lively, happily and funnily.</li><li>Clean dog's teeth: The pet chew ball with wave points on it's surface can remove tartars, it will help your dogs to clean teeth and effectively remove the oral odor.</li></ul>",,,,,,,
c153,c143,c110,c60,c21,"<ul><li>Made of high quality plush, it is non-toxic and not easy to tear, and pets can play safely.</li><li>Adorable dinosaur will make sound when pet playing.</li><li>Appropriate size is ideal for pet chewing, grabbing and playing to clean its teeth.</li><li>This toy can help dogs remove their habits of breaking items such as furniture, which can keep your home clean and tidy.</li></ul>",,,,,,,
c153,c142,c111,c59,c22,<ul><li>Effectively relieve back pain</li><li>100% memory foam pad</li><li>3D ergonomic design</li><li>Application field</li></ul>,,,,,,,
c153,c142,c112,c58,c23,"(4 Pack) Evolution Salt Himlyn Gourmet Salt,Grndr 4 Oz",,,,,,,
c153,c142,c113,c57,c24,"<ul><li>Premier Protein Shake, Peaches and Cream, 30g Protein, 11 Fl Oz, 12 Ct</li><li>Premier Protein Shake, Peaches and Cream, 30g Protein, 11 Fl Oz, 12 Ct</li><li>Premier Protein Shake, Peaches and Cream, 30g Protein, 11 Fl Oz, 12 Ct</li><li>Premier Protein Shake, Peaches and Cream, 30g Protein, 11 Fl Oz, 12 Ct</li></ul>",,,,,,,
c153,c141,c114,c56,c25,Paco Rabanne XS-Extreme For Men Eau De Toilette 1.7 oz ~ 50 ml EDT Spray,,,,,,,
c153,c141,c115,c55,c26,"<ul><li>Material: cloth</li><li>Color: color as shown</li><li>Size: 8*5*4cm</li><li>Packaging includes: 4Pcs/set</li><li>100% brand new and high quality</li><li>A cute pig, dog, mouse and avocado dolls, etc. hair ring for boys, girls, students, women ect.</li><li>Suitable for gifts for girlfriends, daughters, friends, etc.</li><li>Suitable for wearing on birthday, queuing, traveling or daily wear</li></ul>",,,,,,,
c153,c141,c115,c55,c27,"<ul><li>Upgrade the design of the eye button, can be adjusted with the size of the baby's head circumference stretching, fit the head circumference, comfortable not to strangle.</li><li>Due to the different monitor and light effect, the actual color of the item might be slightly different from the color showed on the pictures. Thank you!</li><li>Wear it from top to bottom, then snap it up and pull it down evenly, don't pull hard, adjust the hair and ears, and you can use it.</li><li>It has 4 buttons, please compare your baby's head first to determine which button to use and then install the button.</li><li>Baby Shower Ear Protection Cap Kids Adjustable Hair Wash Hat Shampoo Shield Bath Head Cover for Newborn Infant</li></ul>",,,,,,,
c153,c141,c116,c54,c28,"Urban Decay 24/7 Glide-On Eyeliner Pencil, Perversion - Blackest-Black with Matte Finish - Award-Winning, Waterproof Eyeliner - Long-Lasting, Intense Color",,,,,,,
c153,c140,c117,c53,c29,"<ul><li>1. Paper diaper redden your baby's hip easily, but clothes diaper No.</li><li>2. Using paper diapers for a long time can lead to infection of the urethra</li><li>3. paper diapers cost more money than clothes one because it is un-reusable</li><li>4. Paper Diaper is bad for environmental protection</li></ul>",,,,,,,
c153,c140,c118,c52,c30,"<ul><li>Rotatable: It can be rotated 360 degrees, and the direction can be adjusted flexibly.</li><li>Easy to Install: The magic tape can be used flexibly and can be disassembled and assembled in one second, and can be disassembled and assembled at least 500 times.</li><li>Vertical 180° Swing: When installed in different positions of the cart, the angle can be adjusted to maintain balance (especially suitable for installation on the side pole).</li><li>Use: Use magic tape to hang the hook on the crossbar of the stroller.</li><li>Material: ABS plastic hook, good toughness, durable.</li></ul>",,,,,,,
c153,c140,c119,c51,c31,"<ul><li>You will never lose or drop pacifiers and teether again.Pacifier Clips attaches easily to your baby's clothing, blanket, stroller, or car seat. Keep your pacifiers and teethers clean</li><li>Made of natural Wooden beads, Non-Toxic and Tasteless. They contain no phthalates, cadmium, lead, or metals</li><li>The pacifier clips are very simple to use. They attach to clothes, blankets, toys, strollers, or car seats easily</li><li>Easy to clean, simply rinse with soap and water</li><li>Various styles and cute shapes</li></ul>",,,,,,,
c154,c139,c120,c50,c32,"Francisco Navarro Villoslada, Vol. 7 (Classic Reprint) (Spanish Edition)",,,,,,,
c154,c139,c120,c50,c33,Cork and Insulation: Facts and Figures,,,,,,,
c154,c139,c120,c50,c33,Bex Et Ses Environs,,,,,,,
c154,c139,c120,c50,c33,Nursing,,,,,,,
c154,c139,c120,c50,c33,Light in the Valley: A New Work of Great Merit (1898),,,,,,,
c154,c139,c120,c49,c34,"<ul><li>AMAZING HIGH QUALITY IMAGES- All Images Are Printed On Photo Paper To Ensure The Highest Quality Images Available For Your Home Or Office. You'll Love The Crispness, Detail And Clarity Of Each And Every Image We Offer.</li><li>FULLY LAMINATED-Our Photos And Posters Are Fully Laminated To Protect Them From Dust, Liquids And Other Forms Of Environmental Damage. Each Image Remains As Fresh And Beautiful As The Day You Placed It On Your Wall.</li><li>LARGE POSTERS-Our Laminated Large Map Posters Are Carefully Curated, So They Will Add To The Character Of Any Room They Are Placed In, And Add Vivid Colors And Imagery To Any Home Or Office Space.</li><li>CAREFULLY PACKAGED FOR SHIPPING-Our Posters Are Carefully Wrapped In Bubble Wrap And Securely Placed In A Box To Ensure That Your New Posters Arrive At Your Home Or Office In Perfect Condition And Ready To Hang.</li><li>20 BY 30 INCH IMAGE SIZE-The 20 Inch By 30 Inch Size Of Our Images Guarantee That They Will Have A Significant Visual Impact In Any Room You Place It In. Our Standard 20 BY 30 INCH Size Also Makes It Easy For You To Choose From A Wide Variety Of Frames And Styles To Complete The Presentation.</li></ul>",,,,,,,
c154,c139,c120,c49,c34,"<ul><li>AMAZING HIGH QUALITY IMAGES- All Images Are Printed On Photo Paper To Ensure The Highest Quality Images Available For Your Home Or Office. You'll Love The Crispness, Detail And Clarity Of Each And Every Image We Offer.</li><li>FULLY LAMINATED-Our Photos And Posters Are Fully Laminated To Protect Them From Dust, Liquids And Other Forms Of Environmental Damage. Each Image Remains As Fresh And Beautiful As The Day You Placed It On Your Wall.</li><li>LARGE POSTERS-Our Laminated Large Map Posters Are Carefully Curated, So They Will Add To The Character Of Any Room They Are Placed In, And Add Vivid Colors And Imagery To Any Home Or Office Space.</li><li>CAREFULLY PACKAGED FOR SHIPPING-Our Posters Are Carefully Wrapped In Bubble Wrap And Securely Placed In A Box To Ensure That Your New Posters Arrive At Your Home Or Office In Perfect Condition And Ready To Hang.</li><li>20 By 30 INCH IMAGE SIZE-The 20 Inch By 30 Inch Size Of Our Images Guarantee That They Will Have A Significant Visual Impact In Any Room You Place It In. Our Standard 20 By 30 INCH Size Also Makes It Easy For You To Choose From A Wide Variety Of Frames And Styles To Complete The Presentation.</li></ul>",,,,,,,
c154,c139,c120,c49,c34,"<ul><li>AMAZING HIGH QUALITY IMAGES- All Images Are Printed On Photo Paper To Ensure The Highest Quality Images Available For Your Home Or Office. You'll Love The Crispness, Detail And Clarity Of Each And Every Image We Offer.</li><li>FULLY LAMINATED-Our Photos And Posters Are Fully Laminated To Protect Them From Dust, Liquids And Other Forms Of Environmental Damage. Each Image Remains As Fresh And Beautiful As The Day You Placed It On Your Wall.</li><li>LARGE POSTERS-Our Laminated Large Map Posters Are Carefully Curated, So They Will Add To The Character Of Any Room They Are Placed In, And Add Vivid Colors And Imagery To Any Home Or Office Space.</li><li>CAREFULLY PACKAGED FOR SHIPPING-Our Posters Are Carefully Wrapped In Bubble Wrap And Securely Placed In A Box To Ensure That Your New Posters Arrive At Your Home Or Office In Perfect Condition And Ready To Hang.</li><li>12 BY 18 INCH IMAGE SIZE-The 12 Inch By 18 Inch Size Of Our Images Guarantee That They Will Have A Significant Visual Impact In Any Room You Place It In. Our Standard 12 BY 18 INCH Size Also Makes It Easy For You To Choose From A Wide Variety Of Frames And Styles To Complete The Presentation.</li></ul>",,,,,,,
c154,c139,c120,c49,c34,"<ul><li>AMAZING HIGH QUALITY IMAGES- All Images Are Printed On Photo Paper To Ensure The Highest Quality Images Available For Your Home Or Office. You'll Love The Crispness, Detail And Clarity Of Each And Every Image We Offer.</li><li>FULLY LAMINATED-Our Photos And Posters Are Fully Laminated To Protect Them From Dust, Liquids And Other Forms Of Environmental Damage. Each Image Remains As Fresh And Beautiful As The Day You Placed It On Your Wall.</li><li>LARGE POSTERS-Our Laminated Large Map Posters Are Carefully Curated, So They Will Add To The Character Of Any Room They Are Placed In, And Add Vivid Colors And Imagery To Any Home Or Office Space.</li><li>CAREFULLY PACKAGED FOR SHIPPING-Our Posters Are Carefully Wrapped In Bubble Wrap And Securely Placed In A Box To Ensure That Your New Posters Arrive At Your Home Or Office In Perfect Condition And Ready To Hang.</li><li>20 BY 30 INCH IMAGE SIZE-The 20 Inch By 30 Inch Size Of Our Images Guarantee That They Will Have A Significant Visual Impact In Any Room You Place It In. Our Standard 20 BY 30 INCH Size Also Makes It Easy For You To Choose From A Wide Variety Of Frames And Styles To Complete The Presentation.</li></ul>",,,,,,,
c154,c139,c120,c49,c34,"<ul><li>AMAZING HIGH QUALITY IMAGES- All Images Are Printed On Photo Paper To Ensure The Highest Quality Images Available For Your Home Or Office. You'll Love The Crispness, Detail And Clarity Of Each And Every Image We Offer.</li><li>FULLY LAMINATED-Our Photos And Posters Are Fully Laminated To Protect Them From Dust, Liquids And Other Forms Of Environmental Damage. Each Image Remains As Fresh And Beautiful As The Day You Placed It On Your Wall.</li><li>LARGE POSTERS-Our Laminated Large Map Posters Are Carefully Curated, So They Will Add To The Character Of Any Room They Are Placed In, And Add Vivid Colors And Imagery To Any Home Or Office Space.</li><li>CAREFULLY PACKAGED FOR SHIPPING-Our Posters Are Carefully Wrapped In Bubble Wrap And Securely Placed In A Box To Ensure That Your New Posters Arrive At Your Home Or Office In Perfect Condition And Ready To Hang.</li><li>20 BY 30 INCH IMAGE SIZE-The 20 Inch By 30 Inch Size Of Our Images Guarantee That They Will Have A Significant Visual Impact In Any Room You Place It In. Our Standard 20 BY 30 INCH Size Also Makes It Easy For You To Choose From A Wide Variety Of Frames And Styles To Complete The Presentation.</li></ul>",,,,,,,
c154,c139,c120,c49,c34,"<ul><li>AMAZING HIGH QUALITY IMAGES- All Images Are Printed On Photo Paper To Ensure The Highest Quality Images Available For Your Home Or Office. You'll Love The Crispness, Detail And Clarity Of Each And Every Image We Offer.</li><li>FULLY LAMINATED-Our Photos And Posters Are Fully Laminated To Protect Them From Dust, Liquids And Other Forms Of Environmental Damage. Each Image Remains As Fresh And Beautiful As The Day You Placed It On Your Wall.</li><li>LARGE POSTERS-Our Laminated Large Map Posters Are Carefully Curated, So They Will Add To The Character Of Any Room They Are Placed In, And Add Vivid Colors And Imagery To Any Home Or Office Space.</li><li>CAREFULLY PACKAGED FOR SHIPPING-Our Posters Are Carefully Wrapped In Bubble Wrap And Securely Placed In A Box To Ensure That Your New Posters Arrive At Your Home Or Office In Perfect Condition And Ready To Hang.</li><li>20 BY 30 INCH IMAGE SIZE-The 20 Inch By 30 Inch Size Of Our Images Guarantee That They Will Have A Significant Visual Impact In Any Room You Place It In. Our Standard 20 BY 30 INCH Size Also Makes It Easy For You To Choose From A Wide Variety Of Frames And Styles To Complete The Presentation.</li></ul>",,,,,,,
c154,c139,c120,c49,c34,"<ul><li>AMAZING HIGH QUALITY IMAGES- All Images Are Printed On Photo Paper To Ensure The Highest Quality Images Available For Your Home Or Office. You'll Love The Crispness, Detail And Clarity Of Each And Every Image We Offer.</li><li>FULLY LAMINATED-Our Photos And Posters Are Fully Laminated To Protect Them From Dust, Liquids And Other Forms Of Environmental Damage. Each Image Remains As Fresh And Beautiful As The Day You Placed It On Your Wall.</li><li>LARGE POSTERS-Our Laminated Large Map Posters Are Carefully Curated, So They Will Add To The Character Of Any Room They Are Placed In, And Add Vivid Colors And Imagery To Any Home Or Office Space.</li><li>CAREFULLY PACKAGED FOR SHIPPING-Our Posters Are Carefully Wrapped In Bubble Wrap And Securely Placed In A Box To Ensure That Your New Posters Arrive At Your Home Or Office In Perfect Condition And Ready To Hang.</li><li>20 BY 30 INCH IMAGE SIZE-The 20 Inch By 30 Inch Size Of Our Images Guarantee That They Will Have A Significant Visual Impact In Any Room You Place It In. Our Standard 20 BY 30 INCH Size Also Makes It Easy For You To Choose From A Wide Variety Of Frames And Styles To Complete The Presentation.</li></ul>",,,,,,,
c154,c139,c120,c49,c34,"<ul><li>Amazing quality images printed on photo paper - Just for your Home or Office</li><li>Decal and ready to be put on the wall. Satisfaction Guarantee 100%</li><li>Brighten your home of Office with the art prints from our store.</li><li>Shipped in a tube to insure secure transit.</li><li>Size 24 x 16/Inches, Decal Peel Adhesive</li></ul>",,,,,,,
c154,c138,c121,c48,c35,"ICC  PANEL, CABLE MANAGEMENT, BLANK, 2 RMS/n- Blank cable management panel- 3.5"" x 19""- Fills 2 RMS open space between system panels- Rack screwsnot included- Black- 2 RMS",,,,,,,
c154,c137,c122,c47,c35,"<ul><li>Samsung Galaxy s10 case flip - the best Samsung s10 case original functioning both as a Galaxy s10 case card holder & Samsung Galaxy s10 case magnetic. There are 3 card slots for your ID cards, credit / debit / gift cards, money bills, license, etc.</li><li>Descriptive Features; Samsung s10 case protective - Samsung Galaxy s10 case black - Samsung Galaxy s10 case card holder - Samsung s10 case cute - Samsung s10 case elegant - s10 case flip cover - Samsung Galaxy s10 case unique - Galaxy s10 case magnet - s10 case fabric - Galaxy s10 case design. The front flap features a vibrantly flat printed everlasting image on a fabric surface.</li><li>Samsung s10 case protective Samsung Galaxy s10 case elegant cute and trendy for all genders of all ages - Samsung Galaxy s10 case men - s10 case wallet women - Samsung s10 case girly - Samsung Galaxy s10 case for girls - Samsung Galaxy s10 case for boys - Galaxy s10 case kids</li><li>This Galaxy s10 case with card holder features a PU leather binding and lightly cushioned back with a camera hole. The inner phone holder is made of a rubberized coated durable hard plastic and the rest of the wallet case is lined with a genuine looking suede. There is space to stick in your charger and earphone wire from the bottom of the case.</li></ul>",,,,,,,
c154,c137,c122,c46,c35,"<ul><li>Body shell top cover for DJI Mavic Air Drone.</li><li>High quality of Plastic, durable.</li><li>Waterproof, scratch-proof. Easy to operate.</li><li>Prevent drone from rain drop , bird dropping or unexpected damaged from sky.</li><li>Used for replacing the damaged top body cover.</li></ul>",,,,,,,
c155,c136,c123,c45,c36,"<ul><li>This is adjustable, Fits almost all regular cigarettes.</li><li>Suitable for man's regular cigarette and women's slim cigarette.</li><li>A fashion accessory for smoking, this is the best idea for friend gift!</li></ul>",,,,,,,
,,,,,,,,,,,,
,,,,,,,,,,,,
,,,,,,,,,,,,
,,,,,,,,,,,,
c155,c135,c124,c44,c37,<ul><li>Imported from Israel</li><li>All Natural</li><li>Gluten Free</li><li>Kosher for Passover</li></ul>,,,,,,,
c155,c135,c124,c44,c37,Speciality Wafer Matcha Green Tea (12Ct),,,,,,,
,,,,,,,,,,,,
,,,,,,,,,,,,
c155,c134,c125,c43,c38,<ul><li>Packaged in the United States in a cGMP certified facilty (current Good Manufacturing Practice).</li><li>No fillers.</li><li>Easy-to-use dried format in a convenient stand-up pouch.</li></ul>,,,,,,,
,,,,,,,,,,,,
,,,,,,,,,,,,
,,,,,,,,,,,,
,,,,,,,,,,,,
,,,,,,,,,,,,
c156,c133,c126,c42,c39,"2018 Felt Edict 5 Carbon Full Suspension MTB Bike Sram NX 11-Speed 22""",,,,,,,
c156,c133,c126,c42,c39,"<ul><li>Used For: Different size optional, can be used on clarinet, Straight Soprano Saxophone, Alto Saxophone, Tenor saxophone, Trumpet and so on instruments.</li><li>Material: Made of elastic polyester cotton material and can be easy on and easy off of instrument bells with no pull tabs.</li><li>Easy Install: Super soft and comfortable, easy to install, not hurting the instrument.</li><li>Keep Instrument Clean: Dustproof, keep instrument clean and hygeian.</li><li>Easy Wash: No measurable effect on the sound of the instruments. The instrument bell covers can easily be washed after each use.</li></ul>",,,,,,,
c156,c133,c126,c42,c39,"<ul><li>For 1-1/8</li><li>It is 3/5/10/15/20mm size. Inner diameter: 28.6 mm (1 1/8 inch) can be assembled arbitrarily.</li><li>Full carbon fiber structure, exquisite workmanship, smooth cutting, no special-shaped connection.</li><li>3, 5, 10, 15, 20 mm washer gasket, used to lift the handlebar.</li><li>Lightweight and easy to install, it is very suitable for bicycle use.</li></ul>",,,,,,,
,,,,,,,,,,,,
,,,,,,1992,1993,1994,2001,2002,2003,2004</li><li>WA8555</li><li>Black</li><li>One Pint Base Coat and One Quart Clear Coat</li><li>Made in the USA</li><li>Color Test Card included. Do not spray paint on vehicle before testing color and technique on Color Test Card</li></ul>
,,,,,,,,,,,,
,,,,,,,,,,,,
,,,,,,,,,,,,
,,,,,,,,,,,,
c156,c132,c127,c41,c40,"<ul><li>100% brand new and high quality!</li><li>The details of the complete, coherent,exquisite designs.</li><li>Attractive and stylish design, makes you trendy .</li><li>Reliable seller, excellent quality, u deserve it</li><li>All online products are in stock, please rest assured to buy, we will ship the goods for you in the first time.</li><li>Please allow 1-5mm differences due to manual measurement, thanks.</li></ul>",,,,,,,
c156,c132,c127,c41,c40,"<ul><li>AMAZING HIGH QUALITY IMAGES- All Images Are Printed On Photo Paper To Ensure The Highest Quality Images Available For Your Home Or Office. You'll Love The Crispness, Detail And Clarity Of Each And Every Image We Offer.</li><li>FULLY LAMINATED-Our Photos And Posters Are Fully Laminated To Protect Them From Dust, Liquids And Other Forms Of Environmental Damage. Each Image Remains As Fresh And Beautiful As The Day You Placed It On Your Wall.</li><li>LARGE POSTERS-Our Laminated Large Map Posters Are Carefully Curated, So They Will Add To The Character Of Any Room They Are Placed In, And Add Vivid Colors And Imagery To Any Home Or Office Space.</li><li>CAREFULLY PACKAGED FOR SHIPPING-Our Posters Are Carefully Wrapped In Bubble Wrap And Securely Placed In A Box To Ensure That Your New Posters Arrive At Your Home Or Office In Perfect Condition And Ready To Hang.</li><li>20 BY 30 INCH IMAGE SIZE-The20 Inch By 30 Inch Size Of Our Images Guarantee That They Will Have A Significant Visual Impact In Any Room You Place It In. Our Standard 20 BY 30 INCH Size Also Makes It Easy For You To Choose From A Wide Variety Of Frames And Styles To Complete The Presentation.</li></ul>",,,,,,,
,,,,,,,,,,,,
,,,,,,,,,,,,
,,,,,,,,,,,,
,,,,,,,,,,,,
,,,,,,,,,,,,
c157,c131,c128,c129,c130,<ul><li>Home Decor</li><li>brand new and high quality</li><li>Color as the pic shows</li></ul>,,,,,,,
c157,c131,c128,c129,c130,"<ul><li>Santa Claus Love Dwarf Faceless Doll Rudolph Window Display Christmas Decoration</li><li>Material: cloth</li><li>Santa Claus love dwarf faceless doll Rudolph window display Christmas decorationProduct description：Received: Christmas dwarf old man, faceless doll, with different colors, can hang and stand, each dwarf has a matching rope, which can be hung on the Christmas tree; Note: Since this product is packaged in a bag, please ask after opening Let stand for a while and comb the beard of the product so that you can get the desired effectChristmas decoration: The appropriate size makes this Christmas plush ornament very suitable for decorating Christmas trees, beds, stairs, fireplaces, homes, halls, etc.; it can not only fill the whole house with a festive atmosphere, but also bring good luck and happiness to the familyMeaningful design: All Christmas dwarf ornaments use Christmas unique holiday elements: Christmas and red, gray, white and other colors. The dwarf ornaments hanging on the Christmas tree each have a rope on the top for easy hangingHigh-quality materials: well-crafted Swedish dwarf, body and nose are made of soft felt, thick white beard is made of fiber fur, very smooth and comfortable, hats are knitted with popular patterns; their cute appearance is very popular with childrenA good gift for Christmas: The cute dwarf will be a good decoration gift and a good choice for holiday gifts. It can be hung on the Christmas tree, on the wall, on the fireplace or on the window to spread the festive atmosphere, which is great for children in the holiday season. During the exchange of gifts, it is also a great decoration for the dwarf collection</li><li>We make life better</li><li>Welcome to our store</li></ul>",,,,,,,
c157,c131,c128,c129,c130,<ul><li>Decoration & Hangs</li><li>brand new and high quality</li><li>Color as the pic shows</li></ul>,,,,,,,
c157,c131,c128,c129,c130,<ul><li>Home Decor</li><li>brand new and high quality</li><li>Color as the pic shows</li></ul>,,,,,,,
